[{"day":0,"periods":[{"start":"12:00","end":"12:30","title":"","backgroundColor":"rgba(82, 155, 255, 0.5)","borderColor":"rgb(42, 60, 255)","textColor":"rgb(0, 0, 0)"},{"start":"11:30","end":"12:00","title":"","backgroundColor":"rgba(82, 155, 255, 0.5)","borderColor":"rgb(42, 60, 255)","textColor":"rgb(0, 0, 0)"},{"start":"12:30","end":"13:00","title":"","backgroundColor":"rgba(82, 155, 255, 0.5)","borderColor":"rgb(42, 60, 255)","textColor":"rgb(0, 0, 0)"}]},{"day":1,"periods":[{"start":"11:30","end":"12:00","title":"","backgroundColor":"rgba(82, 155, 255, 0.5)","borderColor":"rgb(42, 60, 255)","textColor":"rgb(0, 0, 0)"},{"start":"12:00","end":"12:30","title":"","backgroundColor":"rgba(82, 155, 255, 0.5)","borderColor":"rgb(42, 60, 255)","textColor":"rgb(0, 0, 0)"},{"start":"12:30","end":"13:00","title":"","backgroundColor":"rgba(82, 155, 255, 0.5)","borderColor":"rgb(42, 60, 255)","textColor":"rgb(0, 0, 0)"}]},{"day":2,"periods":[{"start":"11:30","end":"12:00","title":"","backgroundColor":"rgba(82, 155, 255, 0.5)","borderColor":"rgb(42, 60, 255)","textColor":"rgb(0, 0, 0)"},{"start":"12:00","end":"12:30","title":"","backgroundColor":"rgba(82, 155, 255, 0.5)","borderColor":"rgb(42, 60, 255)","textColor":"rgb(0, 0, 0)"},{"start":"12:30","end":"13:00","title":"","backgroundColor":"rgba(82, 155, 255, 0.5)","borderColor":"rgb(42, 60, 255)","textColor":"rgb(0, 0, 0)"}]},{"day":3,"periods":[{"start":"11:30","end":"12:00","title":"","backgroundColor":"rgba(82, 155, 255, 0.5)","borderColor":"rgb(42, 60, 255)","textColor":"rgb(0, 0, 0)"},{"start":"12:00","end":"12:30","title":"","backgroundColor":"rgba(82, 155, 255, 0.5)","borderColor":"rgb(42, 60, 255)","textColor":"rgb(0, 0, 0)"},{"start":"12:30","end":"13:00","title":"","backgroundColor":"rgba(82, 155, 255, 0.5)","borderColor":"rgb(42, 60, 255)","textColor":"rgb(0, 0, 0)"}]},{"day":4,"periods":[{"start":"11:30","end":"12:00","title":"","backgroundColor":"rgba(82, 155, 255, 0.5)","borderColor":"rgb(42, 60, 255)","textColor":"rgb(0, 0, 0)"},{"start":"12:00","end":"12:30","title":"","backgroundColor":"rgba(82, 155, 255, 0.5)","borderColor":"rgb(42, 60, 255)","textColor":"rgb(0, 0, 0)"},{"start":"12:30","end":"13:00","title":"","backgroundColor":"rgba(82, 155, 255, 0.5)","borderColor":"rgb(42, 60, 255)","textColor":"rgb(0, 0, 0)"}]},{"day":5,"periods":[{"start":"11:30","end":"12:00","title":"","backgroundColor":"rgba(82, 155, 255, 0.5)","borderColor":"rgb(42, 60, 255)","textColor":"rgb(0, 0, 0)"},{"start":"12:00","end":"12:30","title":"","backgroundColor":"rgba(82, 155, 255, 0.5)","borderColor":"rgb(42, 60, 255)","textColor":"rgb(0, 0, 0)"},{"start":"12:30","end":"13:00","title":"","backgroundColor":"rgba(82, 155, 255, 0.5)","borderColor":"rgb(42, 60, 255)","textColor":"rgb(0, 0, 0)"}]},{"day":6,"periods":[{"start":"11:30","end":"12:00","title":"","backgroundColor":"rgba(82, 155, 255, 0.5)","borderColor":"rgb(42, 60, 255)","textColor":"rgb(0, 0, 0)"},{"start":"12:00","end":"12:30","title":"","backgroundColor":"rgba(82, 155, 255, 0.5)","borderColor":"rgb(42, 60, 255)","textColor":"rgb(0, 0, 0)"},{"start":"12:30","end":"13:00","title":"","backgroundColor":"rgba(82, 155, 255, 0.5)","borderColor":"rgb(42, 60, 255)","textColor":"rgb(0, 0, 0)"}]}]